,Estimate,lowCI,highCI,pVal
Intercept,902540.9532955966,-5277034.939619546,7082116.84621074,0.774617302700734
budget,2.960080182532873,2.857418146916034,3.0627422181497117,0.0
